{"cameraMode":{"drawMode":0,"name":"Shaded","section":"Shading Mode"},"sceneLighting":false,"audioPlay":false,"sceneViewState":{"showFog":false,"showMaterialUpdate":false,"showSkybox":false,"showFlares":false,"showImageEffects":false,"showParticleSystems":false},"in2DMode":false,"pivot":{"x":0.09000003337860108,"y":1.0,"z":-3.2100000381469728},"rotation":{"x":-0.1428930163383484,"y":0.013361060060560704,"z":-0.0019293761579319835,"w":-0.9896460771560669},"size":4.041658401489258,"orthographic":false}