{"cameraMode":{"drawMode":0,"name":"Shaded","section":"Shading Mode"},"sceneLighting":false,"audioPlay":false,"sceneViewState":{"showFog":true,"showMaterialUpdate":false,"showSkybox":true,"showFlares":true,"showImageEffects":true,"showParticleSystems":true},"in2DMode":false,"pivot":{"x":0.09000003337860108,"y":1.0,"z":-3.2100000381469728},"rotation":{"x":-0.3148708641529083,"y":0.11550331860780716,"z":-0.03863699361681938,"w":-0.9412876963615418},"size":4.041658401489258,"orthographic":false}